,MSE,RMSE,MAE
State 1,0.21385812333674906,0.46244796824804957,0.37099780027534174
State 2,0.8972601004592257,0.947238143477777,0.8670933962840861
State 3,0.6613286891384638,0.8132211809455431,0.7265662253508132
State 4,0.42181559262986085,0.6494733194134005,0.5905004022649957
